,tweet_id,lat,lon,content,location,user,raw_source,data_point,time
838851051709169664,838851051709169664,,,"So, the timing of these Trump/Russia leaks is pretty suspicious, huh? https://t.co/vcTmRp0Mpm",Harrisburg,741384337,"{'created_at': 'Mon Mar 06 20:37:30 +0000 2017', 'id': 838851051709169664, 'id_str': '838851051709169664', 'text': 'So, the timing of these Trump/Russia leaks is pretty suspicious, huh? https://t.co/vcTmRp0Mpm', 'truncated': False, 'entities': {'hashtags': [], 'symbols': [], 'user_mentions': [], 'urls': [{'url': 'https://t.co/vcTmRp0Mpm', 'expanded_url': 'http://ift.tt/2mOpFzJ', 'display_url': 'ift.tt/2mOpFzJ', 'indices': [70, 93]}]}, 'metadata': {'iso_language_code': 'en', 'result_type': 'recent'}, 'source': '<a href=""https://ifttt.com"" rel=""nofollow"">IFTTT</a>', 'in_reply_to_status_id': None, 'in_reply_to_status_id_str': None, 'in_reply_to_user_id': None, 'in_reply_to_user_id_str': None, 'in_reply_to_screen_name': None, 'user': {'id': 741384337, 'id_str': '741384337', 'name': 'Pete Rawley', 'screen_name': 'nomorebamaplz', 'location': 'Harrisburg', 'description': ""Truth has no place in Obama's America. Gun regulation = taking away our guns. Illegal immigrants: Go home & get to the back of the line"", 'url': None, 'entities': {'description': {'urls': []}}, 'protected': False, 'followers_count': 43, 'friends_count': 104, 'listed_count': 11, 'created_at': 'Mon Aug 06 20:33:40 +0000 2012', 'favourites_count': 0, 'utc_offset': None, 'time_zone': None, 'geo_enabled': False, 'verified': False, 'statuses_count': 26802, 'lang': 'en', 'contributors_enabled': False, 'is_translator': False, 'is_translation_enabled': False, 'profile_background_color': 'C0DEED', 'profile_background_image_url': 'http://abs.twimg.com/images/themes/theme1/bg.png', 'profile_background_image_url_https': 'https://abs.twimg.com/images/themes/theme1/bg.png', 'profile_background_tile': False, 'profile_image_url': 'http://pbs.twimg.com/profile_images/769167688417550336/u7nMJvGE_normal.jpg', 'profile_image_url_https': 'https://pbs.twimg.com/profile_images/769167688417550336/u7nMJvGE_normal.jpg', 'profile_link_color': '1DA1F2', 'profile_sidebar_border_color': 'C0DEED', 'profile_sidebar_fill_color': 'DDEEF6', 'profile_text_color': '333333', 'profile_use_background_image': True, 'has_extended_profile': False, 'default_profile': True, 'default_profile_image': False, 'following': None, 'follow_request_sent': None, 'notifications': None, 'translator_type': 'none'}, 'geo': None, 'coordinates': None, 'place': None, 'contributors': None, 'is_quote_status': False, 'retweet_count': 0, 'favorite_count': 0, 'favorited': False, 'retweeted': False, 'possibly_sensitive': False, 'lang': 'en'}",none,Mon Mar 06 20:37:30 +0000 2017
838849762191364096,838849762191364096,,,Can Trump Supporters Legally Shoot Left-Wing “Antifa” Attackers? https://t.co/OpimohHbCm via @BearingArmsCom,"York, PA, USA",46930084,"{'created_at': 'Mon Mar 06 20:32:23 +0000 2017', 'id': 838849762191364096, 'id_str': '838849762191364096', 'text': 'Can Trump Supporters Legally Shoot Left-Wing “Antifa” Attackers? https://t.co/OpimohHbCm via @BearingArmsCom', 'truncated': False, 'entities': {'hashtags': [], 'symbols': [], 'user_mentions': [{'screen_name': 'BearingArmsCom', 'name': 'Bearing Arms', 'id': 1663365468, 'id_str': '1663365468', 'indices': [93, 108]}], 'urls': [{'url': 'https://t.co/OpimohHbCm', 'expanded_url': 'https://bearingarms.com/bob-o/2017/03/06/can-trump-supporters-legally-shoot-antifa-attackers/', 'display_url': 'bearingarms.com/bob-o/2017/03/…', 'indices': [65, 88]}]}, 'metadata': {'iso_language_code': 'en', 'result_type': 'recent'}, 'source': '<a href=""http://twitter.com"" rel=""nofollow"">Twitter Web Client</a>', 'in_reply_to_status_id': None, 'in_reply_to_status_id_str': None, 'in_reply_to_user_id': None, 'in_reply_to_user_id_str': None, 'in_reply_to_screen_name': None, 'user': {'id': 46930084, 'id_str': '46930084', 'name': 'Rick G', 'screen_name': 'rick17403', 'location': 'York, PA, USA', 'description': 'Navy vet  (Ex Scientia Tridens), (Non sibi sed potriae) conservative, hard working American, long time packer fan, and life member of the #NRA  (ΜΌΛΏΝ ΛΑΒΈ)', 'url': None, 'entities': {'description': {'urls': []}}, 'protected': False, 'followers_count': 1582, 'friends_count': 2129, 'listed_count': 53, 'created_at': 'Sat Jun 13 17:52:54 +0000 2009', 'favourites_count': 82, 'utc_offset': -18000, 'time_zone': 'Eastern Time (US & Canada)', 'geo_enabled': False, 'verified': False, 'statuses_count': 30642, 'lang': 'en', 'contributors_enabled': False, 'is_translator': False, 'is_translation_enabled': False, 'profile_background_color': 'C0DEED', 'profile_background_image_url': 'http://abs.twimg.com/images/themes/theme1/bg.png', 'profile_background_image_url_https': 'https://abs.twimg.com/images/themes/theme1/bg.png', 'profile_background_tile': False, 'profile_image_url': 'http://pbs.twimg.com/profile_images/715455736508121088/fPscnJVy_normal.jpg', 'profile_image_url_https': 'https://pbs.twimg.com/profile_images/715455736508121088/fPscnJVy_normal.jpg', 'profile_link_color': '1DA1F2', 'profile_sidebar_border_color': 'C0DEED', 'profile_sidebar_fill_color': 'DDEEF6', 'profile_text_color': '333333', 'profile_use_background_image': True, 'has_extended_profile': False, 'default_profile': True, 'default_profile_image': False, 'following': None, 'follow_request_sent': None, 'notifications': None, 'translator_type': 'none'}, 'geo': None, 'coordinates': None, 'place': None, 'contributors': None, 'is_quote_status': False, 'retweet_count': 0, 'favorite_count': 0, 'favorited': False, 'retweeted': False, 'possibly_sensitive': False, 'lang': 'en'}",none,Mon Mar 06 20:32:23 +0000 2017
838849449988395008,838849449988395008,,,What a sickening way to treat a veteran! Shame on Trump et al. https://t.co/QxiKXQ5Vde,"Carlisle, PA",824828818766573568,"{'created_at': 'Mon Mar 06 20:31:08 +0000 2017', 'id': 838849449988395008, 'id_str': '838849449988395008', 'text': 'What a sickening way to treat a veteran! Shame on Trump et al. https://t.co/QxiKXQ5Vde', 'truncated': False, 'entities': {'hashtags': [], 'symbols': [], 'user_mentions': [], 'urls': [{'url': 'https://t.co/QxiKXQ5Vde', 'expanded_url': 'https://twitter.com/dabeard/status/838557377192394752', 'display_url': 'twitter.com/dabeard/status…', 'indices': [63, 86]}]}, 'metadata': {'iso_language_code': 'en', 'result_type': 'recent'}, 'source': '<a href=""http://twitter.com"" rel=""nofollow"">Twitter Web Client</a>', 'in_reply_to_status_id': None, 'in_reply_to_status_id_str': None, 'in_reply_to_user_id': None, 'in_reply_to_user_id_str': None, 'in_reply_to_screen_name': None, 'user': {'id': 824828818766573568, 'id_str': '824828818766573568', 'name': 'Editing_Hermit', 'screen_name': 'EditingHermit', 'location': 'Carlisle, PA', 'description': 'Editor and consultant on fiction, nonfiction, and poetry. Cro-Magnon wife. Cat loon.', 'url': 'https://t.co/0V5S3WEdyH', 'entities': {'url': {'urls': [{'url': 'https://t.co/0V5S3WEdyH', 'expanded_url': 'https://creativeyouediting.com/', 'display_url': 'creativeyouediting.com', 'indices': [0, 23]}]}, 'description': {'urls': []}}, 'protected': False, 'followers_count': 8, 'friends_count': 75, 'listed_count': 0, 'created_at': 'Fri Jan 27 03:58:09 +0000 2017', 'favourites_count': 361, 'utc_offset': None, 'time_zone': None, 'geo_enabled': False, 'verified': False, 'statuses_count': 52, 'lang': 'en', 'contributors_enabled': False, 'is_translator': False, 'is_translation_enabled': False, 'profile_background_color': '000000', 'profile_background_image_url': 'http://abs.twimg.com/images/themes/theme1/bg.png', 'profile_background_image_url_https': 'https://abs.twimg.com/images/themes/theme1/bg.png', 'profile_background_tile': False, 'profile_image_url': 'http://pbs.twimg.com/profile_images/824965818442211329/rVxfJg4G_normal.jpg', 'profile_image_url_https': 'https://pbs.twimg.com/profile_images/824965818442211329/rVxfJg4G_normal.jpg', 'profile_banner_url': 'https://pbs.twimg.com/profile_banners/824828818766573568/1485522308', 'profile_link_color': '610B38', 'profile_sidebar_border_color': '000000', 'profile_sidebar_fill_color': '000000', 'profile_text_color': '000000', 'profile_use_background_image': False, 'has_extended_profile': True, 'default_profile': False, 'default_profile_image': False, 'following': None, 'follow_request_sent': None, 'notifications': None, 'translator_type': 'none'}, 'geo': None, 'coordinates': None, 'place': None, 'contributors': None, 'is_quote_status': True, 'quoted_status_id': 838557377192394752, 'quoted_status_id_str': '838557377192394752', 'quoted_status': {'created_at': 'Mon Mar 06 01:10:33 +0000 2017', 'id': 838557377192394752, 'id_str': '838557377192394752', 'text': '2 tours of duty in Afghanistan. Sustained a brain injury in an explosion. Now #Trump admin wants to deport him.… https://t.co/iizbsFEtgD', 'truncated': True, 'entities': {'hashtags': [{'text': 'Trump', 'indices': [78, 84]}], 'symbols': [], 'user_mentions': [], 'urls': [{'url': 'https://t.co/iizbsFEtgD', 'expanded_url': 'https://twitter.com/i/web/status/838557377192394752', 'display_url': 'twitter.com/i/web/status/8…', 'indices': [113, 136]}]}, 'metadata': {'iso_language_code': 'en', 'result_type': 'recent'}, 'source': '<a href=""https://about.twitter.com/products/tweetdeck"" rel=""nofollow"">TweetDeck</a>', 'in_reply_to_status_id': None, 'in_reply_to_status_id_str': None, 'in_reply_to_user_id': None, 'in_reply_to_user_id_str': None, 'in_reply_to_screen_name': None, 'user': {'id': 28279637, 'id_str': '28279637', 'name': 'David Beard', 'screen_name': 'dabeard', 'location': 'Boston', 'description': 'Finding great audiences for great storytelling, currently helping @AP and @statnews Priors: @WashingtonPost @PRI @BostonGlobe beardwrites@gmail.com', 'url': 'https://t.co/GWxL0YFFy8', 'entities': {'url': {'urls': [{'url': 'https://t.co/GWxL0YFFy8', 'expanded_url': 'https://www.linkedin.com/in/dabeard1', 'display_url': 'linkedin.com/in/dabeard1', 'indices': [0, 23]}]}, 'description': {'urls': []}}, 'protected': False, 'followers_count': 27137, 'friends_count': 4696, 'listed_count': 1510, 'created_at': 'Thu Apr 02 04:14:41 +0000 2009', 'favourites_count': 37551, 'utc_offset': -18000, 'time_zone': 'Eastern Time (US & Canada)', 'geo_enabled': True, 'verified': True, 'statuses_count': 49357, 'lang': 'en', 'contributors_enabled': False, 'is_translator': False, 'is_translation_enabled': False, 'profile_background_color': 'C0DEED', 'profile_background_image_url': 'http://abs.twimg.com/images/themes/theme1/bg.png', 'profile_background_image_url_https': 'https://abs.twimg.com/images/themes/theme1/bg.png', 'profile_background_tile': False, 'profile_image_url': 'http://pbs.twimg.com/profile_images/3773956722/060a643d3de230a1dc983716fb91125f_normal.jpeg', 'profile_image_url_https': 'https://pbs.twimg.com/profile_images/3773956722/060a643d3de230a1dc983716fb91125f_normal.jpeg', 'profile_banner_url': 'https://pbs.twimg.com/profile_banners/28279637/1488655805', 'profile_link_color': '1DA1F2', 'profile_sidebar_border_color': 'C0DEED', 'profile_sidebar_fill_color': 'DDEEF6', 'profile_text_color': '333333', 'profile_use_background_image': True, 'has_extended_profile': False, 'default_profile': True, 'default_profile_image': False, 'following': None, 'follow_request_sent': None, 'notifications': None, 'translator_type': 'none'}, 'geo': None, 'coordinates': None, 'place': None, 'contributors': None, 'is_quote_status': False, 'retweet_count': 2082, 'favorite_count': 1295, 'favorited': False, 'retweeted': False, 'possibly_sensitive': False, 'lang': 'en'}, 'retweet_count': 0, 'favorite_count': 0, 'favorited': False, 'retweeted': False, 'possibly_sensitive': False, 'lang': 'en'}",none,Mon Mar 06 20:31:08 +0000 2017
838849104126046209,838849104126046209,,,RT @realJeffreyLord: Here’s A Supercut Of Anti-Trump Protesters Pummeling People [VIDEO] https://t.co/tPnWLn3qGz via @dailycaller - Typical…,,837931097975566336,"{'created_at': 'Mon Mar 06 20:29:46 +0000 2017', 'id': 838849104126046209, 'id_str': '838849104126046209', 'text': 'RT @realJeffreyLord: Here’s A Supercut Of Anti-Trump Protesters Pummeling People [VIDEO] https://t.co/tPnWLn3qGz via @dailycaller - Typical…', 'truncated': False, 'entities': {'hashtags': [], 'symbols': [], 'user_mentions': [{'screen_name': 'realJeffreyLord', 'name': 'Jeff Lord', 'id': 397545273, 'id_str': '397545273', 'indices': [3, 19]}, {'screen_name': 'DailyCaller', 'name': 'The Daily Caller', 'id': 39308549, 'id_str': '39308549', 'indices': [117, 129]}], 'urls': [{'url': 'https://t.co/tPnWLn3qGz', 'expanded_url': 'http://dailycaller.com/2017/03/06/heres-a-supercut-of-anti-trump-protesters-pummeling-people-video/', 'display_url': 'dailycaller.com/2017/03/06/her…', 'indices': [89, 112]}]}, 'metadata': {'iso_language_code': 'en', 'result_type': 'recent'}, 'source': '<a href=""http://twitter.com/download/android"" rel=""nofollow"">Twitter for Android</a>', 'in_reply_to_status_id': None, 'in_reply_to_status_id_str': None, 'in_reply_to_user_id': None, 'in_reply_to_user_id_str': None, 'in_reply_to_screen_name': None, 'user': {'id': 837931097975566336, 'id_str': '837931097975566336', 'name': 'Eric Tyson', 'screen_name': 'realEricTyson', 'location': '', 'description': '', 'url': None, 'entities': {'description': {'urls': []}}, 'protected': False, 'followers_count': 27, 'friends_count': 154, 'listed_count': 0, 'created_at': 'Sat Mar 04 07:41:56 +0000 2017', 'favourites_count': 550, 'utc_offset': None, 'time_zone': None, 'geo_enabled': False, 'verified': False, 'statuses_count': 535, 'lang': 'en', 'contributors_enabled': False, 'is_translator': False, 'is_translation_enabled': False, 'profile_background_color': 'F5F8FA', 'profile_background_image_url': None, 'profile_background_image_url_https': None, 'profile_background_tile': False, 'profile_image_url': 'http://pbs.twimg.com/profile_images/838298250071457793/jwTVsHcf_normal.jpg', 'profile_image_url_https': 'https://pbs.twimg.com/profile_images/838298250071457793/jwTVsHcf_normal.jpg', 'profile_link_color': '1DA1F2', 'profile_sidebar_border_color': 'C0DEED', 'profile_sidebar_fill_color': 'DDEEF6', 'profile_text_color': '333333', 'profile_use_background_image': True, 'has_extended_profile': False, 'default_profile': True, 'default_profile_image': False, 'following': None, 'follow_request_sent': None, 'notifications': None, 'translator_type': 'none'}, 'geo': None, 'coordinates': None, 'place': None, 'contributors': None, 'retweeted_status': {'created_at': 'Mon Mar 06 19:44:48 +0000 2017', 'id': 838837791324778496, 'id_str': '838837791324778496', 'text': 'Here’s A Supercut Of Anti-Trump Protesters Pummeling People [VIDEO] https://t.co/tPnWLn3qGz via @dailycaller - Typical leftist behavior.', 'truncated': False, 'entities': {'hashtags': [], 'symbols': [], 'user_mentions': [{'screen_name': 'DailyCaller', 'name': 'The Daily Caller', 'id': 39308549, 'id_str': '39308549', 'indices': [96, 108]}], 'urls': [{'url': 'https://t.co/tPnWLn3qGz', 'expanded_url': 'http://dailycaller.com/2017/03/06/heres-a-supercut-of-anti-trump-protesters-pummeling-people-video/', 'display_url': 'dailycaller.com/2017/03/06/her…', 'indices': [68, 91]}]}, 'metadata': {'iso_language_code': 'en', 'result_type': 'recent'}, 'source': '<a href=""http://twitter.com"" rel=""nofollow"">Twitter Web Client</a>', 'in_reply_to_status_id': None, 'in_reply_to_status_id_str': None, 'in_reply_to_user_id': None, 'in_reply_to_user_id_str': None, 'in_reply_to_screen_name': None, 'user': {'id': 397545273, 'id_str': '397545273', 'name': 'Jeff Lord', 'screen_name': 'realJeffreyLord', 'location': 'Harrisburg, PA', 'description': 'CNN political commentator, Reagan White House, American Spectator, Conservative Review, NewsBusters. Author. Interests: Politics, religion, writing, media.', 'url': None, 'entities': {'description': {'urls': []}}, 'protected': False, 'followers_count': 24433, 'friends_count': 187, 'listed_count': 347, 'created_at': 'Mon Oct 24 20:48:38 +0000 2011', 'favourites_count': 7, 'utc_offset': -28800, 'time_zone': 'Pacific Time (US & Canada)', 'geo_enabled': True, 'verified': False, 'statuses_count': 2490, 'lang': 'en', 'contributors_enabled': False, 'is_translator': False, 'is_translation_enabled': False, 'profile_background_color': 'C0DEED', 'profile_background_image_url': 'http://abs.twimg.com/images/themes/theme1/bg.png', 'profile_background_image_url_https': 'https://abs.twimg.com/images/themes/theme1/bg.png', 'profile_background_tile': False, 'profile_image_url': 'http://pbs.twimg.com/profile_images/520287112709410816/B3nn7rvh_normal.jpeg', 'profile_image_url_https': 'https://pbs.twimg.com/profile_images/520287112709410816/B3nn7rvh_normal.jpeg', 'profile_link_color': '1DA1F2', 'profile_sidebar_border_color': 'C0DEED', 'profile_sidebar_fill_color': 'DDEEF6', 'profile_text_color': '333333', 'profile_use_background_image': True, 'has_extended_profile': False, 'default_profile': True, 'default_profile_image': False, 'following': None, 'follow_request_sent': None, 'notifications': None, 'translator_type': 'none'}, 'geo': None, 'coordinates': None, 'place': None, 'contributors': None, 'is_quote_status': False, 'retweet_count': 23, 'favorite_count': 28, 'favorited': False, 'retweeted': False, 'possibly_sensitive': False, 'lang': 'en'}, 'is_quote_status': False, 'retweet_count': 23, 'favorite_count': 0, 'favorited': False, 'retweeted': False, 'possibly_sensitive': False, 'lang': 'en'}",none,Mon Mar 06 20:29:46 +0000 2017
838848688768299008,838848688768299008,,,No bidders make offers to buy Trump tower in Toronto /via @globeandmail https://t.co/YrdoayLCja,"Harrisburg, PA",16807304,"{'created_at': 'Mon Mar 06 20:28:07 +0000 2017', 'id': 838848688768299008, 'id_str': '838848688768299008', 'text': 'No bidders make offers to buy Trump tower in Toronto /via @globeandmail https://t.co/YrdoayLCja', 'truncated': False, 'entities': {'hashtags': [], 'symbols': [], 'user_mentions': [{'screen_name': 'globeandmail', 'name': 'The Globe and Mail', 'id': 8736882, 'id_str': '8736882', 'indices': [58, 71]}], 'urls': [{'url': 'https://t.co/YrdoayLCja', 'expanded_url': 'http://www.theglobeandmail.com/report-on-business/no-bidders-make-offers-to-buy-trump-tower-in-toronto/article34215006/?utm_source=twitter.com&utm_medium=Referrer:+Social+Network+/+Media&utm_campaign=Shared+Web+Article+Links', 'display_url': 'theglobeandmail.com/report-on-busi…', 'indices': [72, 95]}]}, 'metadata': {'iso_language_code': 'en', 'result_type': 'recent'}, 'source': '<a href=""http://twitter.com"" rel=""nofollow"">Twitter Web Client</a>', 'in_reply_to_status_id': None, 'in_reply_to_status_id_str': None, 'in_reply_to_user_id': None, 'in_reply_to_user_id_str': None, 'in_reply_to_screen_name': None, 'user': {'id': 16807304, 'id_str': '16807304', 'name': 'Bonrat', 'screen_name': 'Bonrat', 'location': 'Harrisburg, PA', 'description': ""It ain't what they call you\r\n                    It's what you answer to."", 'url': None, 'entities': {'description': {'urls': []}}, 'protected': False, 'followers_count': 965, 'friends_count': 1968, 'listed_count': 16, 'created_at': 'Thu Oct 16 13:52:11 +0000 2008', 'favourites_count': 12399, 'utc_offset': -14400, 'time_zone': 'Atlantic Time (Canada)', 'geo_enabled': False, 'verified': False, 'statuses_count': 13372, 'lang': 'en', 'contributors_enabled': False, 'is_translator': False, 'is_translation_enabled': False, 'profile_background_color': 'C0DEED', 'profile_background_image_url': 'http://pbs.twimg.com/profile_background_images/590881105101725696/1FV_h0_a.png', 'profile_background_image_url_https': 'https://pbs.twimg.com/profile_background_images/590881105101725696/1FV_h0_a.png', 'profile_background_tile': True, 'profile_image_url': 'http://pbs.twimg.com/profile_images/835892408726478849/slYoe1AZ_normal.jpg', 'profile_image_url_https': 'https://pbs.twimg.com/profile_images/835892408726478849/slYoe1AZ_normal.jpg', 'profile_banner_url': 'https://pbs.twimg.com/profile_banners/16807304/1488128138', 'profile_link_color': 'DD2E44', 'profile_sidebar_border_color': 'C0DEED', 'profile_sidebar_fill_color': 'DDEEF6', 'profile_text_color': '333333', 'profile_use_background_image': True, 'has_extended_profile': False, 'default_profile': False, 'default_profile_image': False, 'following': None, 'follow_request_sent': None, 'notifications': None, 'translator_type': 'none'}, 'geo': None, 'coordinates': None, 'place': None, 'contributors': None, 'is_quote_status': False, 'retweet_count': 0, 'favorite_count': 0, 'favorited': False, 'retweeted': False, 'possibly_sensitive': False, 'lang': 'en'}",none,Mon Mar 06 20:28:07 +0000 2017
838848433234526209,838848433234526209,,,"@DrMartyFox @LindaSuhler she doesn't understand its her age, plain and simple. Now they are blaming Trump for them getting older!","New Cumberland, PA",747579529,"{'created_at': 'Mon Mar 06 20:27:06 +0000 2017', 'id': 838848433234526209, 'id_str': '838848433234526209', 'text': ""@DrMartyFox @LindaSuhler she doesn't understand its her age, plain and simple. Now they are blaming Trump for them getting older!"", 'truncated': False, 'entities': {'hashtags': [], 'symbols': [], 'user_mentions': [{'screen_name': 'DrMartyFox', 'name': 'Dr. Marty Fox', 'id': 26900055, 'id_str': '26900055', 'indices': [0, 11]}, {'screen_name': 'LindaSuhler', 'name': 'Linda Suhler, Ph.D.', 'id': 347627434, 'id_str': '347627434', 'indices': [12, 24]}], 'urls': []}, 'metadata': {'iso_language_code': 'en', 'result_type': 'recent'}, 'source': '<a href=""http://twitter.com"" rel=""nofollow"">Twitter Web Client</a>', 'in_reply_to_status_id': 838586559830065156, 'in_reply_to_status_id_str': '838586559830065156', 'in_reply_to_user_id': 26900055, 'in_reply_to_user_id_str': '26900055', 'in_reply_to_screen_name': 'DrMartyFox', 'user': {'id': 747579529, 'id_str': '747579529', 'name': 'Lindsay', 'screen_name': 'LindsayMMeredit', 'location': 'New Cumberland, PA', 'description': 'Strong supporter of Donald J. Trump. I am a believer in the Constitution and bringing the spirit of our Forefathers back.', 'url': None, 'entities': {'description': {'urls': []}}, 'protected': False, 'followers_count': 1821, 'friends_count': 1894, 'listed_count': 32, 'created_at': 'Thu Aug 09 17:10:55 +0000 2012', 'favourites_count': 24240, 'utc_offset': -18000, 'time_zone': 'Eastern Time (US & Canada)', 'geo_enabled': False, 'verified': False, 'statuses_count': 20695, 'lang': 'en', 'contributors_enabled': False, 'is_translator': False, 'is_translation_enabled': False, 'profile_background_color': '000000', 'profile_background_image_url': 'http://abs.twimg.com/images/themes/theme1/bg.png', 'profile_background_image_url_https': 'https://abs.twimg.com/images/themes/theme1/bg.png', 'profile_background_tile': False, 'profile_image_url': 'http://pbs.twimg.com/profile_images/755077630878162944/lguKNcLu_normal.jpg', 'profile_image_url_https': 'https://pbs.twimg.com/profile_images/755077630878162944/lguKNcLu_normal.jpg', 'profile_banner_url': 'https://pbs.twimg.com/profile_banners/747579529/1468859598', 'profile_link_color': '19CF86', 'profile_sidebar_border_color': '000000', 'profile_sidebar_fill_color': '000000', 'profile_text_color': '000000', 'profile_use_background_image': False, 'has_extended_profile': False, 'default_profile': False, 'default_profile_image': False, 'following': None, 'follow_request_sent': None, 'notifications': None, 'translator_type': 'none'}, 'geo': None, 'coordinates': None, 'place': None, 'contributors': None, 'is_quote_status': False, 'retweet_count': 0, 'favorite_count': 0, 'favorited': False, 'retweeted': False, 'lang': 'en'}",none,Mon Mar 06 20:27:06 +0000 2017
838847647066779650,838847647066779650,,,"NYT may regret publishing this smoking gun:
https://t.co/ay7Ov3iguN","Lewisberry, PA",412749418,"{'created_at': 'Mon Mar 06 20:23:58 +0000 2017', 'id': 838847647066779650, 'id_str': '838847647066779650', 'text': 'NYT may regret publishing this smoking gun:\nhttps://t.co/ay7Ov3iguN', 'truncated': False, 'entities': {'hashtags': [], 'symbols': [], 'user_mentions': [], 'urls': [{'url': 'https://t.co/ay7Ov3iguN', 'expanded_url': 'https://www.nytimes.com/2017/03/01/us/politics/obama-trump-russia-election-hacking.html', 'display_url': 'nytimes.com/2017/03/01/us/…', 'indices': [44, 67]}]}, 'metadata': {'iso_language_code': 'en', 'result_type': 'recent'}, 'source': '<a href=""http://twitter.com"" rel=""nofollow"">Twitter Web Client</a>', 'in_reply_to_status_id': None, 'in_reply_to_status_id_str': None, 'in_reply_to_user_id': None, 'in_reply_to_user_id_str': None, 'in_reply_to_screen_name': None, 'user': {'id': 412749418, 'id_str': '412749418', 'name': 'Christopher Mahoney', 'screen_name': 'christophermah3', 'location': 'Lewisberry, PA', 'description': '30 years on Wall Street. Libertarian. Intellectually heterodox.Topics: credit, finance, economics, politics. Warning: Most of my tweets are ironic or sarcastic.', 'url': 'http://t.co/MIH10uAHHF', 'entities': {'url': {'urls': [{'url': 'http://t.co/MIH10uAHHF', 'expanded_url': 'http://www.capitalismandfredom.blogspot.com', 'display_url': 'capitalismandfredom.blogspot.com', 'indices': [0, 22]}]}, 'description': {'urls': []}}, 'protected': False, 'followers_count': 1850, 'friends_count': 4296, 'listed_count': 0, 'created_at': 'Tue Nov 15 02:55:35 +0000 2011', 'favourites_count': 40, 'utc_offset': -18000, 'time_zone': 'Eastern Time (US & Canada)', 'geo_enabled': False, 'verified': False, 'statuses_count': 36140, 'lang': 'en', 'contributors_enabled': False, 'is_translator': False, 'is_translation_enabled': False, 'profile_background_color': 'C0DEED', 'profile_background_image_url': 'http://abs.twimg.com/images/themes/theme1/bg.png', 'profile_background_image_url_https': 'https://abs.twimg.com/images/themes/theme1/bg.png', 'profile_background_tile': False, 'profile_image_url': 'http://pbs.twimg.com/profile_images/673565164063494144/DBG2i2SX_normal.jpg', 'profile_image_url_https': 'https://pbs.twimg.com/profile_images/673565164063494144/DBG2i2SX_normal.jpg', 'profile_banner_url': 'https://pbs.twimg.com/profile_banners/412749418/1439322774', 'profile_link_color': '1DA1F2', 'profile_sidebar_border_color': 'C0DEED', 'profile_sidebar_fill_color': 'DDEEF6', 'profile_text_color': '333333', 'profile_use_background_image': True, 'has_extended_profile': True, 'default_profile': True, 'default_profile_image': False, 'following': None, 'follow_request_sent': None, 'notifications': None, 'translator_type': 'none'}, 'geo': None, 'coordinates': None, 'place': None, 'contributors': None, 'is_quote_status': False, 'retweet_count': 0, 'favorite_count': 0, 'favorited': False, 'retweeted': False, 'possibly_sensitive': False, 'lang': 'en'}",none,Mon Mar 06 20:23:58 +0000 2017
838847172766498816,838847172766498816,,,RT @realJeffreyLord: Here’s A Supercut Of Anti-Trump Protesters Pummeling People [VIDEO] https://t.co/tPnWLn3qGz via @dailycaller - Typical…,Wisconsin,1947550519,"{'created_at': 'Mon Mar 06 20:22:05 +0000 2017', 'id': 838847172766498816, 'id_str': '838847172766498816', 'text': 'RT @realJeffreyLord: Here’s A Supercut Of Anti-Trump Protesters Pummeling People [VIDEO] https://t.co/tPnWLn3qGz via @dailycaller - Typical…', 'truncated': False, 'entities': {'hashtags': [], 'symbols': [], 'user_mentions': [{'screen_name': 'realJeffreyLord', 'name': 'Jeff Lord', 'id': 397545273, 'id_str': '397545273', 'indices': [3, 19]}, {'screen_name': 'DailyCaller', 'name': 'The Daily Caller', 'id': 39308549, 'id_str': '39308549', 'indices': [117, 129]}], 'urls': [{'url': 'https://t.co/tPnWLn3qGz', 'expanded_url': 'http://dailycaller.com/2017/03/06/heres-a-supercut-of-anti-trump-protesters-pummeling-people-video/', 'display_url': 'dailycaller.com/2017/03/06/her…', 'indices': [89, 112]}]}, 'metadata': {'iso_language_code': 'en', 'result_type': 'recent'}, 'source': '<a href=""http://twitter.com"" rel=""nofollow"">Twitter Web Client</a>', 'in_reply_to_status_id': None, 'in_reply_to_status_id_str': None, 'in_reply_to_user_id': None, 'in_reply_to_user_id_str': None, 'in_reply_to_screen_name': None, 'user': {'id': 1947550519, 'id_str': '1947550519', 'name': 'Jen', 'screen_name': 'Vandejl13', 'location': 'Wisconsin', 'description': '3rd Generation business owner of Family Trucking Company and most importantly, Wife & Mother of 3', 'url': None, 'entities': {'description': {'urls': []}}, 'protected': False, 'followers_count': 52, 'friends_count': 97, 'listed_count': 2, 'created_at': 'Tue Oct 08 17:34:52 +0000 2013', 'favourites_count': 806, 'utc_offset': -21600, 'time_zone': 'Central Time (US & Canada)', 'geo_enabled': False, 'verified': False, 'statuses_count': 979, 'lang': 'en', 'contributors_enabled': False, 'is_translator': False, 'is_translation_enabled': False, 'profile_background_color': '000000', 'profile_background_image_url': 'http://abs.twimg.com/images/themes/theme1/bg.png', 'profile_background_image_url_https': 'https://abs.twimg.com/images/themes/theme1/bg.png', 'profile_background_tile': False, 'profile_image_url': 'http://pbs.twimg.com/profile_images/758383764208705536/jWVsh_S0_normal.jpg', 'profile_image_url_https': 'https://pbs.twimg.com/profile_images/758383764208705536/jWVsh_S0_normal.jpg', 'profile_link_color': 'FAB81E', 'profile_sidebar_border_color': '000000', 'profile_sidebar_fill_color': '000000', 'profile_text_color': '000000', 'profile_use_background_image': False, 'has_extended_profile': False, 'default_profile': False, 'default_profile_image': False, 'following': None, 'follow_request_sent': None, 'notifications': None, 'translator_type': 'none'}, 'geo': None, 'coordinates': None, 'place': None, 'contributors': None, 'retweeted_status': {'created_at': 'Mon Mar 06 19:44:48 +0000 2017', 'id': 838837791324778496, 'id_str': '838837791324778496', 'text': 'Here’s A Supercut Of Anti-Trump Protesters Pummeling People [VIDEO] https://t.co/tPnWLn3qGz via @dailycaller - Typical leftist behavior.', 'truncated': False, 'entities': {'hashtags': [], 'symbols': [], 'user_mentions': [{'screen_name': 'DailyCaller', 'name': 'The Daily Caller', 'id': 39308549, 'id_str': '39308549', 'indices': [96, 108]}], 'urls': [{'url': 'https://t.co/tPnWLn3qGz', 'expanded_url': 'http://dailycaller.com/2017/03/06/heres-a-supercut-of-anti-trump-protesters-pummeling-people-video/', 'display_url': 'dailycaller.com/2017/03/06/her…', 'indices': [68, 91]}]}, 'metadata': {'iso_language_code': 'en', 'result_type': 'recent'}, 'source': '<a href=""http://twitter.com"" rel=""nofollow"">Twitter Web Client</a>', 'in_reply_to_status_id': None, 'in_reply_to_status_id_str': None, 'in_reply_to_user_id': None, 'in_reply_to_user_id_str': None, 'in_reply_to_screen_name': None, 'user': {'id': 397545273, 'id_str': '397545273', 'name': 'Jeff Lord', 'screen_name': 'realJeffreyLord', 'location': 'Harrisburg, PA', 'description': 'CNN political commentator, Reagan White House, American Spectator, Conservative Review, NewsBusters. Author. Interests: Politics, religion, writing, media.', 'url': None, 'entities': {'description': {'urls': []}}, 'protected': False, 'followers_count': 24433, 'friends_count': 187, 'listed_count': 347, 'created_at': 'Mon Oct 24 20:48:38 +0000 2011', 'favourites_count': 7, 'utc_offset': -28800, 'time_zone': 'Pacific Time (US & Canada)', 'geo_enabled': True, 'verified': False, 'statuses_count': 2490, 'lang': 'en', 'contributors_enabled': False, 'is_translator': False, 'is_translation_enabled': False, 'profile_background_color': 'C0DEED', 'profile_background_image_url': 'http://abs.twimg.com/images/themes/theme1/bg.png', 'profile_background_image_url_https': 'https://abs.twimg.com/images/themes/theme1/bg.png', 'profile_background_tile': False, 'profile_image_url': 'http://pbs.twimg.com/profile_images/520287112709410816/B3nn7rvh_normal.jpeg', 'profile_image_url_https': 'https://pbs.twimg.com/profile_images/520287112709410816/B3nn7rvh_normal.jpeg', 'profile_link_color': '1DA1F2', 'profile_sidebar_border_color': 'C0DEED', 'profile_sidebar_fill_color': 'DDEEF6', 'profile_text_color': '333333', 'profile_use_background_image': True, 'has_extended_profile': False, 'default_profile': True, 'default_profile_image': False, 'following': None, 'follow_request_sent': None, 'notifications': None, 'translator_type': 'none'}, 'geo': None, 'coordinates': None, 'place': None, 'contributors': None, 'is_quote_status': False, 'retweet_count': 23, 'favorite_count': 28, 'favorited': False, 'retweeted': False, 'possibly_sensitive': False, 'lang': 'en'}, 'is_quote_status': False, 'retweet_count': 23, 'favorite_count': 0, 'favorited': False, 'retweeted': False, 'possibly_sensitive': False, 'lang': 'en'}",none,Mon Mar 06 20:22:05 +0000 2017
838847149492183040,838847149492183040,,,RT @realJeffreyLord: Here’s A Supercut Of Anti-Trump Protesters Pummeling People [VIDEO] https://t.co/tPnWLn3qGz via @dailycaller - Typical…,"California, USA",143352629,"{'created_at': 'Mon Mar 06 20:22:00 +0000 2017', 'id': 838847149492183040, 'id_str': '838847149492183040', 'text': 'RT @realJeffreyLord: Here’s A Supercut Of Anti-Trump Protesters Pummeling People [VIDEO] https://t.co/tPnWLn3qGz via @dailycaller - Typical…', 'truncated': False, 'entities': {'hashtags': [], 'symbols': [], 'user_mentions': [{'screen_name': 'realJeffreyLord', 'name': 'Jeff Lord', 'id': 397545273, 'id_str': '397545273', 'indices': [3, 19]}, {'screen_name': 'DailyCaller', 'name': 'The Daily Caller', 'id': 39308549, 'id_str': '39308549', 'indices': [117, 129]}], 'urls': [{'url': 'https://t.co/tPnWLn3qGz', 'expanded_url': 'http://dailycaller.com/2017/03/06/heres-a-supercut-of-anti-trump-protesters-pummeling-people-video/', 'display_url': 'dailycaller.com/2017/03/06/her…', 'indices': [89, 112]}]}, 'metadata': {'iso_language_code': 'en', 'result_type': 'recent'}, 'source': '<a href=""http://twitter.com/download/iphone"" rel=""nofollow"">Twitter for iPhone</a>', 'in_reply_to_status_id': None, 'in_reply_to_status_id_str': None, 'in_reply_to_user_id': None, 'in_reply_to_user_id_str': None, 'in_reply_to_screen_name': None, 'user': {'id': 143352629, 'id_str': '143352629', 'name': 'Lily', 'screen_name': '50Lily', 'location': 'California, USA', 'description': '', 'url': None, 'entities': {'description': {'urls': []}}, 'protected': False, 'followers_count': 23, 'friends_count': 48, 'listed_count': 0, 'created_at': 'Thu May 13 07:07:25 +0000 2010', 'favourites_count': 22478, 'utc_offset': -28800, 'time_zone': 'Pacific Time (US & Canada)', 'geo_enabled': False, 'verified': False, 'statuses_count': 7983, 'lang': 'en', 'contributors_enabled': False, 'is_translator': False, 'is_translation_enabled': False, 'profile_background_color': 'FFF04D', 'profile_background_image_url': 'http://abs.twimg.com/images/themes/theme1/bg.png', 'profile_background_image_url_https': 'https://abs.twimg.com/images/themes/theme1/bg.png', 'profile_background_tile': False, 'profile_image_url': 'http://pbs.twimg.com/profile_images/706935009043570688/6WpJLEwq_normal.jpg', 'profile_image_url_https': 'https://pbs.twimg.com/profile_images/706935009043570688/6WpJLEwq_normal.jpg', 'profile_link_color': '0099CC', 'profile_sidebar_border_color': 'FFF8AD', 'profile_sidebar_fill_color': '66EB0E', 'profile_text_color': '333333', 'profile_use_background_image': True, 'has_extended_profile': False, 'default_profile': False, 'default_profile_image': False, 'following': None, 'follow_request_sent': None, 'notifications': None, 'translator_type': 'none'}, 'geo': None, 'coordinates': None, 'place': None, 'contributors': None, 'retweeted_status': {'created_at': 'Mon Mar 06 19:44:48 +0000 2017', 'id': 838837791324778496, 'id_str': '838837791324778496', 'text': 'Here’s A Supercut Of Anti-Trump Protesters Pummeling People [VIDEO] https://t.co/tPnWLn3qGz via @dailycaller - Typical leftist behavior.', 'truncated': False, 'entities': {'hashtags': [], 'symbols': [], 'user_mentions': [{'screen_name': 'DailyCaller', 'name': 'The Daily Caller', 'id': 39308549, 'id_str': '39308549', 'indices': [96, 108]}], 'urls': [{'url': 'https://t.co/tPnWLn3qGz', 'expanded_url': 'http://dailycaller.com/2017/03/06/heres-a-supercut-of-anti-trump-protesters-pummeling-people-video/', 'display_url': 'dailycaller.com/2017/03/06/her…', 'indices': [68, 91]}]}, 'metadata': {'iso_language_code': 'en', 'result_type': 'recent'}, 'source': '<a href=""http://twitter.com"" rel=""nofollow"">Twitter Web Client</a>', 'in_reply_to_status_id': None, 'in_reply_to_status_id_str': None, 'in_reply_to_user_id': None, 'in_reply_to_user_id_str': None, 'in_reply_to_screen_name': None, 'user': {'id': 397545273, 'id_str': '397545273', 'name': 'Jeff Lord', 'screen_name': 'realJeffreyLord', 'location': 'Harrisburg, PA', 'description': 'CNN political commentator, Reagan White House, American Spectator, Conservative Review, NewsBusters. Author. Interests: Politics, religion, writing, media.', 'url': None, 'entities': {'description': {'urls': []}}, 'protected': False, 'followers_count': 24433, 'friends_count': 187, 'listed_count': 347, 'created_at': 'Mon Oct 24 20:48:38 +0000 2011', 'favourites_count': 7, 'utc_offset': -28800, 'time_zone': 'Pacific Time (US & Canada)', 'geo_enabled': True, 'verified': False, 'statuses_count': 2490, 'lang': 'en', 'contributors_enabled': False, 'is_translator': False, 'is_translation_enabled': False, 'profile_background_color': 'C0DEED', 'profile_background_image_url': 'http://abs.twimg.com/images/themes/theme1/bg.png', 'profile_background_image_url_https': 'https://abs.twimg.com/images/themes/theme1/bg.png', 'profile_background_tile': False, 'profile_image_url': 'http://pbs.twimg.com/profile_images/520287112709410816/B3nn7rvh_normal.jpeg', 'profile_image_url_https': 'https://pbs.twimg.com/profile_images/520287112709410816/B3nn7rvh_normal.jpeg', 'profile_link_color': '1DA1F2', 'profile_sidebar_border_color': 'C0DEED', 'profile_sidebar_fill_color': 'DDEEF6', 'profile_text_color': '333333', 'profile_use_background_image': True, 'has_extended_profile': False, 'default_profile': True, 'default_profile_image': False, 'following': None, 'follow_request_sent': None, 'notifications': None, 'translator_type': 'none'}, 'geo': None, 'coordinates': None, 'place': None, 'contributors': None, 'is_quote_status': False, 'retweet_count': 23, 'favorite_count': 28, 'favorited': False, 'retweeted': False, 'possibly_sensitive': False, 'lang': 'en'}, 'is_quote_status': False, 'retweet_count': 23, 'favorite_count': 0, 'favorited': False, 'retweeted': False, 'possibly_sensitive': False, 'lang': 'en'}",none,Mon Mar 06 20:22:00 +0000 2017
838846910781870081,838846910781870081,,,@nytpolitics Maybe that's what Clinton was talking to Lynch about on the tarmac at that hidden meeting wiretapping Trump and Russian story,Harrisburg Pa,827161112684658689,"{'created_at': 'Mon Mar 06 20:21:03 +0000 2017', 'id': 838846910781870081, 'id_str': '838846910781870081', 'text': ""@nytpolitics Maybe that's what Clinton was talking to Lynch about on the tarmac at that hidden meeting wiretapping Trump and Russian story"", 'truncated': False, 'entities': {'hashtags': [], 'symbols': [], 'user_mentions': [{'screen_name': 'nytpolitics', 'name': 'NYT Politics', 'id': 14434063, 'id_str': '14434063', 'indices': [0, 12]}], 'urls': []}, 'metadata': {'iso_language_code': 'en', 'result_type': 'recent'}, 'source': '<a href=""http://twitter.com/download/android"" rel=""nofollow"">Twitter for Android</a>', 'in_reply_to_status_id': 838502326033866753, 'in_reply_to_status_id_str': '838502326033866753', 'in_reply_to_user_id': 14434063, 'in_reply_to_user_id_str': '14434063', 'in_reply_to_screen_name': 'nytpolitics', 'user': {'id': 827161112684658689, 'id_str': '827161112684658689', 'name': 'Danny Grim', 'screen_name': 'DannyGrim3', 'location': 'Harrisburg Pa', 'description': 'Politics History News', 'url': None, 'entities': {'description': {'urls': []}}, 'protected': False, 'followers_count': 2, 'friends_count': 50, 'listed_count': 0, 'created_at': 'Thu Feb 02 14:25:51 +0000 2017', 'favourites_count': 45, 'utc_offset': None, 'time_zone': None, 'geo_enabled': False, 'verified': False, 'statuses_count': 203, 'lang': 'en', 'contributors_enabled': False, 'is_translator': False, 'is_translation_enabled': False, 'profile_background_color': 'F5F8FA', 'profile_background_image_url': None, 'profile_background_image_url_https': None, 'profile_background_tile': False, 'profile_image_url': 'http://pbs.twimg.com/profile_images/832744400363008000/vpoHsElN_normal.jpg', 'profile_image_url_https': 'https://pbs.twimg.com/profile_images/832744400363008000/vpoHsElN_normal.jpg', 'profile_banner_url': 'https://pbs.twimg.com/profile_banners/827161112684658689/1487376709', 'profile_link_color': '1DA1F2', 'profile_sidebar_border_color': 'C0DEED', 'profile_sidebar_fill_color': 'DDEEF6', 'profile_text_color': '333333', 'profile_use_background_image': True, 'has_extended_profile': False, 'default_profile': True, 'default_profile_image': False, 'following': None, 'follow_request_sent': None, 'notifications': None, 'translator_type': 'none'}, 'geo': None, 'coordinates': None, 'place': None, 'contributors': None, 'is_quote_status': False, 'retweet_count': 0, 'favorite_count': 0, 'favorited': False, 'retweeted': False, 'lang': 'en'}",none,Mon Mar 06 20:21:03 +0000 2017
838846387722809346,838846387722809346,,,@BasedStickMan @BasedAuslander Exactly right! The DC police on inauguration day were horrible. They didn't help Trump supporters at all.,"New Cumberland, PA",747579529,"{'created_at': 'Mon Mar 06 20:18:58 +0000 2017', 'id': 838846387722809346, 'id_str': '838846387722809346', 'text': ""@BasedStickMan @BasedAuslander Exactly right! The DC police on inauguration day were horrible. They didn't help Trump supporters at all."", 'truncated': False, 'entities': {'hashtags': [], 'symbols': [], 'user_mentions': [{'screen_name': 'BasedStickMan', 'name': 'Based Stick Man', 'id': 838570845563830272, 'id_str': '838570845563830272', 'indices': [0, 14]}, {'screen_name': 'BasedAuslander', 'name': 'Geri', 'id': 803436531562270720, 'id_str': '803436531562270720', 'indices': [15, 30]}], 'urls': []}, 'metadata': {'iso_language_code': 'en', 'result_type': 'recent'}, 'source': '<a href=""http://twitter.com"" rel=""nofollow"">Twitter Web Client</a>', 'in_reply_to_status_id': 838840654172082176, 'in_reply_to_status_id_str': '838840654172082176', 'in_reply_to_user_id': 838570845563830272, 'in_reply_to_user_id_str': '838570845563830272', 'in_reply_to_screen_name': 'BasedStickMan', 'user': {'id': 747579529, 'id_str': '747579529', 'name': 'Lindsay', 'screen_name': 'LindsayMMeredit', 'location': 'New Cumberland, PA', 'description': 'Strong supporter of Donald J. Trump. I am a believer in the Constitution and bringing the spirit of our Forefathers back.', 'url': None, 'entities': {'description': {'urls': []}}, 'protected': False, 'followers_count': 1821, 'friends_count': 1894, 'listed_count': 32, 'created_at': 'Thu Aug 09 17:10:55 +0000 2012', 'favourites_count': 24240, 'utc_offset': -18000, 'time_zone': 'Eastern Time (US & Canada)', 'geo_enabled': False, 'verified': False, 'statuses_count': 20695, 'lang': 'en', 'contributors_enabled': False, 'is_translator': False, 'is_translation_enabled': False, 'profile_background_color': '000000', 'profile_background_image_url': 'http://abs.twimg.com/images/themes/theme1/bg.png', 'profile_background_image_url_https': 'https://abs.twimg.com/images/themes/theme1/bg.png', 'profile_background_tile': False, 'profile_image_url': 'http://pbs.twimg.com/profile_images/755077630878162944/lguKNcLu_normal.jpg', 'profile_image_url_https': 'https://pbs.twimg.com/profile_images/755077630878162944/lguKNcLu_normal.jpg', 'profile_banner_url': 'https://pbs.twimg.com/profile_banners/747579529/1468859598', 'profile_link_color': '19CF86', 'profile_sidebar_border_color': '000000', 'profile_sidebar_fill_color': '000000', 'profile_text_color': '000000', 'profile_use_background_image': False, 'has_extended_profile': False, 'default_profile': False, 'default_profile_image': False, 'following': None, 'follow_request_sent': None, 'notifications': None, 'translator_type': 'none'}, 'geo': None, 'coordinates': None, 'place': None, 'contributors': None, 'is_quote_status': False, 'retweet_count': 0, 'favorite_count': 1, 'favorited': False, 'retweeted': False, 'lang': 'en'}",none,Mon Mar 06 20:18:58 +0000 2017
838844452475035648,838844452475035648,,,RT @realJeffreyLord: Here’s A Supercut Of Anti-Trump Protesters Pummeling People [VIDEO] https://t.co/tPnWLn3qGz via @dailycaller - Typical…,,733795265413545986,"{'created_at': 'Mon Mar 06 20:11:17 +0000 2017', 'id': 838844452475035648, 'id_str': '838844452475035648', 'text': 'RT @realJeffreyLord: Here’s A Supercut Of Anti-Trump Protesters Pummeling People [VIDEO] https://t.co/tPnWLn3qGz via @dailycaller - Typical…', 'truncated': False, 'entities': {'hashtags': [], 'symbols': [], 'user_mentions': [{'screen_name': 'realJeffreyLord', 'name': 'Jeff Lord', 'id': 397545273, 'id_str': '397545273', 'indices': [3, 19]}, {'screen_name': 'DailyCaller', 'name': 'The Daily Caller', 'id': 39308549, 'id_str': '39308549', 'indices': [117, 129]}], 'urls': [{'url': 'https://t.co/tPnWLn3qGz', 'expanded_url': 'http://dailycaller.com/2017/03/06/heres-a-supercut-of-anti-trump-protesters-pummeling-people-video/', 'display_url': 'dailycaller.com/2017/03/06/her…', 'indices': [89, 112]}]}, 'metadata': {'iso_language_code': 'en', 'result_type': 'recent'}, 'source': '<a href=""http://twitter.com/download/iphone"" rel=""nofollow"">Twitter for iPhone</a>', 'in_reply_to_status_id': None, 'in_reply_to_status_id_str': None, 'in_reply_to_user_id': None, 'in_reply_to_user_id_str': None, 'in_reply_to_screen_name': None, 'user': {'id': 733795265413545986, 'id_str': '733795265413545986', 'name': 'Independant', 'screen_name': 'abbaeema41', 'location': '', 'description': '', 'url': None, 'entities': {'description': {'urls': []}}, 'protected': False, 'followers_count': 551, 'friends_count': 612, 'listed_count': 205, 'created_at': 'Fri May 20 23:03:19 +0000 2016', 'favourites_count': 134, 'utc_offset': None, 'time_zone': None, 'geo_enabled': True, 'verified': False, 'statuses_count': 99647, 'lang': 'en', 'contributors_enabled': False, 'is_translator': False, 'is_translation_enabled': False, 'profile_background_color': 'F5F8FA', 'profile_background_image_url': None, 'profile_background_image_url_https': None, 'profile_background_tile': False, 'profile_image_url': 'http://abs.twimg.com/sticky/default_profile_images/default_profile_0_normal.png', 'profile_image_url_https': 'https://abs.twimg.com/sticky/default_profile_images/default_profile_0_normal.png', 'profile_link_color': '1DA1F2', 'profile_sidebar_border_color': 'C0DEED', 'profile_sidebar_fill_color': 'DDEEF6', 'profile_text_color': '333333', 'profile_use_background_image': True, 'has_extended_profile': False, 'default_profile': True, 'default_profile_image': True, 'following': None, 'follow_request_sent': None, 'notifications': None, 'translator_type': 'none'}, 'geo': None, 'coordinates': None, 'place': None, 'contributors': None, 'retweeted_status': {'created_at': 'Mon Mar 06 19:44:48 +0000 2017', 'id': 838837791324778496, 'id_str': '838837791324778496', 'text': 'Here’s A Supercut Of Anti-Trump Protesters Pummeling People [VIDEO] https://t.co/tPnWLn3qGz via @dailycaller - Typical leftist behavior.', 'truncated': False, 'entities': {'hashtags': [], 'symbols': [], 'user_mentions': [{'screen_name': 'DailyCaller', 'name': 'The Daily Caller', 'id': 39308549, 'id_str': '39308549', 'indices': [96, 108]}], 'urls': [{'url': 'https://t.co/tPnWLn3qGz', 'expanded_url': 'http://dailycaller.com/2017/03/06/heres-a-supercut-of-anti-trump-protesters-pummeling-people-video/', 'display_url': 'dailycaller.com/2017/03/06/her…', 'indices': [68, 91]}]}, 'metadata': {'iso_language_code': 'en', 'result_type': 'recent'}, 'source': '<a href=""http://twitter.com"" rel=""nofollow"">Twitter Web Client</a>', 'in_reply_to_status_id': None, 'in_reply_to_status_id_str': None, 'in_reply_to_user_id': None, 'in_reply_to_user_id_str': None, 'in_reply_to_screen_name': None, 'user': {'id': 397545273, 'id_str': '397545273', 'name': 'Jeff Lord', 'screen_name': 'realJeffreyLord', 'location': 'Harrisburg, PA', 'description': 'CNN political commentator, Reagan White House, American Spectator, Conservative Review, NewsBusters. Author. Interests: Politics, religion, writing, media.', 'url': None, 'entities': {'description': {'urls': []}}, 'protected': False, 'followers_count': 24433, 'friends_count': 187, 'listed_count': 347, 'created_at': 'Mon Oct 24 20:48:38 +0000 2011', 'favourites_count': 7, 'utc_offset': -28800, 'time_zone': 'Pacific Time (US & Canada)', 'geo_enabled': True, 'verified': False, 'statuses_count': 2490, 'lang': 'en', 'contributors_enabled': False, 'is_translator': False, 'is_translation_enabled': False, 'profile_background_color': 'C0DEED', 'profile_background_image_url': 'http://abs.twimg.com/images/themes/theme1/bg.png', 'profile_background_image_url_https': 'https://abs.twimg.com/images/themes/theme1/bg.png', 'profile_background_tile': False, 'profile_image_url': 'http://pbs.twimg.com/profile_images/520287112709410816/B3nn7rvh_normal.jpeg', 'profile_image_url_https': 'https://pbs.twimg.com/profile_images/520287112709410816/B3nn7rvh_normal.jpeg', 'profile_link_color': '1DA1F2', 'profile_sidebar_border_color': 'C0DEED', 'profile_sidebar_fill_color': 'DDEEF6', 'profile_text_color': '333333', 'profile_use_background_image': True, 'has_extended_profile': False, 'default_profile': True, 'default_profile_image': False, 'following': None, 'follow_request_sent': None, 'notifications': None, 'translator_type': 'none'}, 'geo': None, 'coordinates': None, 'place': None, 'contributors': None, 'is_quote_status': False, 'retweet_count': 23, 'favorite_count': 28, 'favorited': False, 'retweeted': False, 'possibly_sensitive': False, 'lang': 'en'}, 'is_quote_status': False, 'retweet_count': 23, 'favorite_count': 0, 'favorited': False, 'retweeted': False, 'possibly_sensitive': False, 'lang': 'en'}",none,Mon Mar 06 20:11:17 +0000 2017
838844246207705089,838844246207705089,,,RT @realJeffreyLord: Here’s A Supercut Of Anti-Trump Protesters Pummeling People [VIDEO] https://t.co/tPnWLn3qGz via @dailycaller - Typical…,,713733295859752960,"{'created_at': 'Mon Mar 06 20:10:27 +0000 2017', 'id': 838844246207705089, 'id_str': '838844246207705089', 'text': 'RT @realJeffreyLord: Here’s A Supercut Of Anti-Trump Protesters Pummeling People [VIDEO] https://t.co/tPnWLn3qGz via @dailycaller - Typical…', 'truncated': False, 'entities': {'hashtags': [], 'symbols': [], 'user_mentions': [{'screen_name': 'realJeffreyLord', 'name': 'Jeff Lord', 'id': 397545273, 'id_str': '397545273', 'indices': [3, 19]}, {'screen_name': 'DailyCaller', 'name': 'The Daily Caller', 'id': 39308549, 'id_str': '39308549', 'indices': [117, 129]}], 'urls': [{'url': 'https://t.co/tPnWLn3qGz', 'expanded_url': 'http://dailycaller.com/2017/03/06/heres-a-supercut-of-anti-trump-protesters-pummeling-people-video/', 'display_url': 'dailycaller.com/2017/03/06/her…', 'indices': [89, 112]}]}, 'metadata': {'iso_language_code': 'en', 'result_type': 'recent'}, 'source': '<a href=""http://twitter.com"" rel=""nofollow"">Twitter Web Client</a>', 'in_reply_to_status_id': None, 'in_reply_to_status_id_str': None, 'in_reply_to_user_id': None, 'in_reply_to_user_id_str': None, 'in_reply_to_screen_name': None, 'user': {'id': 713733295859752960, 'id_str': '713733295859752960', 'name': 'Saul of United', 'screen_name': 'Viatcheslavsos3', 'location': '', 'description': ""Don't hate the player, hate the game : Religion, History and Geopolitics. Questions and Answers  Keystone Pipeline"", 'url': None, 'entities': {'description': {'urls': []}}, 'protected': False, 'followers_count': 835, 'friends_count': 692, 'listed_count': 40, 'created_at': 'Sat Mar 26 14:24:13 +0000 2016', 'favourites_count': 20620, 'utc_offset': None, 'time_zone': None, 'geo_enabled': True, 'verified': False, 'statuses_count': 23997, 'lang': 'en', 'contributors_enabled': False, 'is_translator': False, 'is_translation_enabled': False, 'profile_background_color': 'F5F8FA', 'profile_background_image_url': None, 'profile_background_image_url_https': None, 'profile_background_tile': False, 'profile_image_url': 'http://pbs.twimg.com/profile_images/767114057715515392/Oyj2TTGL_normal.jpg', 'profile_image_url_https': 'https://pbs.twimg.com/profile_images/767114057715515392/Oyj2TTGL_normal.jpg', 'profile_banner_url': 'https://pbs.twimg.com/profile_banners/713733295859752960/1478697684', 'profile_link_color': '1DA1F2', 'profile_sidebar_border_color': 'C0DEED', 'profile_sidebar_fill_color': 'DDEEF6', 'profile_text_color': '333333', 'profile_use_background_image': True, 'has_extended_profile': False, 'default_profile': True, 'default_profile_image': False, 'following': None, 'follow_request_sent': None, 'notifications': None, 'translator_type': 'none'}, 'geo': None, 'coordinates': None, 'place': None, 'contributors': None, 'retweeted_status': {'created_at': 'Mon Mar 06 19:44:48 +0000 2017', 'id': 838837791324778496, 'id_str': '838837791324778496', 'text': 'Here’s A Supercut Of Anti-Trump Protesters Pummeling People [VIDEO] https://t.co/tPnWLn3qGz via @dailycaller - Typical leftist behavior.', 'truncated': False, 'entities': {'hashtags': [], 'symbols': [], 'user_mentions': [{'screen_name': 'DailyCaller', 'name': 'The Daily Caller', 'id': 39308549, 'id_str': '39308549', 'indices': [96, 108]}], 'urls': [{'url': 'https://t.co/tPnWLn3qGz', 'expanded_url': 'http://dailycaller.com/2017/03/06/heres-a-supercut-of-anti-trump-protesters-pummeling-people-video/', 'display_url': 'dailycaller.com/2017/03/06/her…', 'indices': [68, 91]}]}, 'metadata': {'iso_language_code': 'en', 'result_type': 'recent'}, 'source': '<a href=""http://twitter.com"" rel=""nofollow"">Twitter Web Client</a>', 'in_reply_to_status_id': None, 'in_reply_to_status_id_str': None, 'in_reply_to_user_id': None, 'in_reply_to_user_id_str': None, 'in_reply_to_screen_name': None, 'user': {'id': 397545273, 'id_str': '397545273', 'name': 'Jeff Lord', 'screen_name': 'realJeffreyLord', 'location': 'Harrisburg, PA', 'description': 'CNN political commentator, Reagan White House, American Spectator, Conservative Review, NewsBusters. Author. Interests: Politics, religion, writing, media.', 'url': None, 'entities': {'description': {'urls': []}}, 'protected': False, 'followers_count': 24433, 'friends_count': 187, 'listed_count': 347, 'created_at': 'Mon Oct 24 20:48:38 +0000 2011', 'favourites_count': 7, 'utc_offset': -28800, 'time_zone': 'Pacific Time (US & Canada)', 'geo_enabled': True, 'verified': False, 'statuses_count': 2490, 'lang': 'en', 'contributors_enabled': False, 'is_translator': False, 'is_translation_enabled': False, 'profile_background_color': 'C0DEED', 'profile_background_image_url': 'http://abs.twimg.com/images/themes/theme1/bg.png', 'profile_background_image_url_https': 'https://abs.twimg.com/images/themes/theme1/bg.png', 'profile_background_tile': False, 'profile_image_url': 'http://pbs.twimg.com/profile_images/520287112709410816/B3nn7rvh_normal.jpeg', 'profile_image_url_https': 'https://pbs.twimg.com/profile_images/520287112709410816/B3nn7rvh_normal.jpeg', 'profile_link_color': '1DA1F2', 'profile_sidebar_border_color': 'C0DEED', 'profile_sidebar_fill_color': 'DDEEF6', 'profile_text_color': '333333', 'profile_use_background_image': True, 'has_extended_profile': False, 'default_profile': True, 'default_profile_image': False, 'following': None, 'follow_request_sent': None, 'notifications': None, 'translator_type': 'none'}, 'geo': None, 'coordinates': None, 'place': None, 'contributors': None, 'is_quote_status': False, 'retweet_count': 23, 'favorite_count': 28, 'favorited': False, 'retweeted': False, 'possibly_sensitive': False, 'lang': 'en'}, 'is_quote_status': False, 'retweet_count': 23, 'favorite_count': 0, 'favorited': False, 'retweeted': False, 'possibly_sensitive': False, 'lang': 'en'}",none,Mon Mar 06 20:10:27 +0000 2017
838844165702168576,838844165702168576,,,@SquawkCNBC Mostly trying to listen to your marvelous guests and avoiding the rants of Trump. His paranoia is dangerous.,"York, PA",1549521343,"{'created_at': 'Mon Mar 06 20:10:08 +0000 2017', 'id': 838844165702168576, 'id_str': '838844165702168576', 'text': '@SquawkCNBC Mostly trying to listen to your marvelous guests and avoiding the rants of Trump. His paranoia is dangerous.', 'truncated': False, 'entities': {'hashtags': [], 'symbols': [], 'user_mentions': [{'screen_name': 'SquawkCNBC', 'name': 'Squawk Box', 'id': 404422077, 'id_str': '404422077', 'indices': [0, 11]}], 'urls': []}, 'metadata': {'iso_language_code': 'en', 'result_type': 'recent'}, 'source': '<a href=""http://twitter.com/download/iphone"" rel=""nofollow"">Twitter for iPhone</a>', 'in_reply_to_status_id': 838715503829008387, 'in_reply_to_status_id_str': '838715503829008387', 'in_reply_to_user_id': 404422077, 'in_reply_to_user_id_str': '404422077', 'in_reply_to_screen_name': 'SquawkCNBC', 'user': {'id': 1549521343, 'id_str': '1549521343', 'name': 'Ed Zelko', 'screen_name': 'WindDesert', 'location': 'York, PA', 'description': 'Not a trace of talent', 'url': None, 'entities': {'description': {'urls': []}}, 'protected': False, 'followers_count': 10, 'friends_count': 38, 'listed_count': 0, 'created_at': 'Thu Jun 27 01:30:19 +0000 2013', 'favourites_count': 475, 'utc_offset': None, 'time_zone': None, 'geo_enabled': True, 'verified': False, 'statuses_count': 602, 'lang': 'en', 'contributors_enabled': False, 'is_translator': False, 'is_translation_enabled': False, 'profile_background_color': 'C0DEED', 'profile_background_image_url': 'http://abs.twimg.com/images/themes/theme1/bg.png', 'profile_background_image_url_https': 'https://abs.twimg.com/images/themes/theme1/bg.png', 'profile_background_tile': False, 'profile_image_url': 'http://pbs.twimg.com/profile_images/727958937148891136/0-rqnvRF_normal.jpg', 'profile_image_url_https': 'https://pbs.twimg.com/profile_images/727958937148891136/0-rqnvRF_normal.jpg', 'profile_banner_url': 'https://pbs.twimg.com/profile_banners/1549521343/1463499541', 'profile_link_color': '1DA1F2', 'profile_sidebar_border_color': 'C0DEED', 'profile_sidebar_fill_color': 'DDEEF6', 'profile_text_color': '333333', 'profile_use_background_image': True, 'has_extended_profile': True, 'default_profile': True, 'default_profile_image': False, 'following': None, 'follow_request_sent': None, 'notifications': None, 'translator_type': 'none'}, 'geo': None, 'coordinates': None, 'place': None, 'contributors': None, 'is_quote_status': False, 'retweet_count': 0, 'favorite_count': 0, 'favorited': False, 'retweeted': False, 'lang': 'en'}",none,Mon Mar 06 20:10:08 +0000 2017
838843267936563203,838843267936563203,,,RT @realJeffreyLord: Here’s A Supercut Of Anti-Trump Protesters Pummeling People [VIDEO] https://t.co/tPnWLn3qGz via @dailycaller - Typical…,no lists please,4843899317,"{'created_at': 'Mon Mar 06 20:06:34 +0000 2017', 'id': 838843267936563203, 'id_str': '838843267936563203', 'text': 'RT @realJeffreyLord: Here’s A Supercut Of Anti-Trump Protesters Pummeling People [VIDEO] https://t.co/tPnWLn3qGz via @dailycaller - Typical…', 'truncated': False, 'entities': {'hashtags': [], 'symbols': [], 'user_mentions': [{'screen_name': 'realJeffreyLord', 'name': 'Jeff Lord', 'id': 397545273, 'id_str': '397545273', 'indices': [3, 19]}, {'screen_name': 'DailyCaller', 'name': 'The Daily Caller', 'id': 39308549, 'id_str': '39308549', 'indices': [117, 129]}], 'urls': [{'url': 'https://t.co/tPnWLn3qGz', 'expanded_url': 'http://dailycaller.com/2017/03/06/heres-a-supercut-of-anti-trump-protesters-pummeling-people-video/', 'display_url': 'dailycaller.com/2017/03/06/her…', 'indices': [89, 112]}]}, 'metadata': {'iso_language_code': 'en', 'result_type': 'recent'}, 'source': '<a href=""http://twitter.com/download/android"" rel=""nofollow"">Twitter for Android</a>', 'in_reply_to_status_id': None, 'in_reply_to_status_id_str': None, 'in_reply_to_user_id': None, 'in_reply_to_user_id_str': None, 'in_reply_to_screen_name': None, 'user': {'id': 4843899317, 'id_str': '4843899317', 'name': 'iowa Russian Agent', 'screen_name': 'freebird201552', 'location': 'no lists please', 'description': ""I try to learn from the past, but I plan for the future by focusing exclusively on the present. That's were the fun is.  (Quote: Donald Trump).   LOVE IT!!!"", 'url': None, 'entities': {'description': {'urls': []}}, 'protected': False, 'followers_count': 910, 'friends_count': 1316, 'listed_count': 29, 'created_at': 'Mon Jan 25 01:12:01 +0000 2016', 'favourites_count': 43049, 'utc_offset': None, 'time_zone': None, 'geo_enabled': False, 'verified': False, 'statuses_count': 16433, 'lang': 'en', 'contributors_enabled': False, 'is_translator': False, 'is_translation_enabled': False, 'profile_background_color': 'F5F8FA', 'profile_background_image_url': None, 'profile_background_image_url_https': None, 'profile_background_tile': False, 'profile_image_url': 'http://pbs.twimg.com/profile_images/786819152161878017/1lUGFSwr_normal.jpg', 'profile_image_url_https': 'https://pbs.twimg.com/profile_images/786819152161878017/1lUGFSwr_normal.jpg', 'profile_banner_url': 'https://pbs.twimg.com/profile_banners/4843899317/1487560343', 'profile_link_color': '1DA1F2', 'profile_sidebar_border_color': 'C0DEED', 'profile_sidebar_fill_color': 'DDEEF6', 'profile_text_color': '333333', 'profile_use_background_image': True, 'has_extended_profile': False, 'default_profile': True, 'default_profile_image': False, 'following': None, 'follow_request_sent': None, 'notifications': None, 'translator_type': 'none'}, 'geo': None, 'coordinates': None, 'place': None, 'contributors': None, 'retweeted_status': {'created_at': 'Mon Mar 06 19:44:48 +0000 2017', 'id': 838837791324778496, 'id_str': '838837791324778496', 'text': 'Here’s A Supercut Of Anti-Trump Protesters Pummeling People [VIDEO] https://t.co/tPnWLn3qGz via @dailycaller - Typical leftist behavior.', 'truncated': False, 'entities': {'hashtags': [], 'symbols': [], 'user_mentions': [{'screen_name': 'DailyCaller', 'name': 'The Daily Caller', 'id': 39308549, 'id_str': '39308549', 'indices': [96, 108]}], 'urls': [{'url': 'https://t.co/tPnWLn3qGz', 'expanded_url': 'http://dailycaller.com/2017/03/06/heres-a-supercut-of-anti-trump-protesters-pummeling-people-video/', 'display_url': 'dailycaller.com/2017/03/06/her…', 'indices': [68, 91]}]}, 'metadata': {'iso_language_code': 'en', 'result_type': 'recent'}, 'source': '<a href=""http://twitter.com"" rel=""nofollow"">Twitter Web Client</a>', 'in_reply_to_status_id': None, 'in_reply_to_status_id_str': None, 'in_reply_to_user_id': None, 'in_reply_to_user_id_str': None, 'in_reply_to_screen_name': None, 'user': {'id': 397545273, 'id_str': '397545273', 'name': 'Jeff Lord', 'screen_name': 'realJeffreyLord', 'location': 'Harrisburg, PA', 'description': 'CNN political commentator, Reagan White House, American Spectator, Conservative Review, NewsBusters. Author. Interests: Politics, religion, writing, media.', 'url': None, 'entities': {'description': {'urls': []}}, 'protected': False, 'followers_count': 24433, 'friends_count': 187, 'listed_count': 347, 'created_at': 'Mon Oct 24 20:48:38 +0000 2011', 'favourites_count': 7, 'utc_offset': -28800, 'time_zone': 'Pacific Time (US & Canada)', 'geo_enabled': True, 'verified': False, 'statuses_count': 2490, 'lang': 'en', 'contributors_enabled': False, 'is_translator': False, 'is_translation_enabled': False, 'profile_background_color': 'C0DEED', 'profile_background_image_url': 'http://abs.twimg.com/images/themes/theme1/bg.png', 'profile_background_image_url_https': 'https://abs.twimg.com/images/themes/theme1/bg.png', 'profile_background_tile': False, 'profile_image_url': 'http://pbs.twimg.com/profile_images/520287112709410816/B3nn7rvh_normal.jpeg', 'profile_image_url_https': 'https://pbs.twimg.com/profile_images/520287112709410816/B3nn7rvh_normal.jpeg', 'profile_link_color': '1DA1F2', 'profile_sidebar_border_color': 'C0DEED', 'profile_sidebar_fill_color': 'DDEEF6', 'profile_text_color': '333333', 'profile_use_background_image': True, 'has_extended_profile': False, 'default_profile': True, 'default_profile_image': False, 'following': None, 'follow_request_sent': None, 'notifications': None, 'translator_type': 'none'}, 'geo': None, 'coordinates': None, 'place': None, 'contributors': None, 'is_quote_status': False, 'retweet_count': 23, 'favorite_count': 28, 'favorited': False, 'retweeted': False, 'possibly_sensitive': False, 'lang': 'en'}, 'is_quote_status': False, 'retweet_count': 23, 'favorite_count': 0, 'favorited': False, 'retweeted': False, 'possibly_sensitive': False, 'lang': 'en'}",none,Mon Mar 06 20:06:34 +0000 2017
838852245936553984,838852245936553984,,,"Mexico companies bid on wall const.If bid is best Trump should say deal 
if contract includes 
 American workers only
American material only","Pennsylvania, USA",29181351,"{'created_at': 'Mon Mar 06 20:42:15 +0000 2017', 'id': 838852245936553984, 'id_str': '838852245936553984', 'text': 'Mexico companies bid on wall const.If bid is best Trump should say deal \nif contract includes \n American workers only\nAmerican material only', 'truncated': False, 'entities': {'hashtags': [], 'symbols': [], 'user_mentions': [], 'urls': []}, 'metadata': {'iso_language_code': 'en', 'result_type': 'recent'}, 'source': '<a href=""http://twitter.com/download/android"" rel=""nofollow"">Twitter for Android</a>', 'in_reply_to_status_id': None, 'in_reply_to_status_id_str': None, 'in_reply_to_user_id': None, 'in_reply_to_user_id_str': None, 'in_reply_to_screen_name': None, 'user': {'id': 29181351, 'id_str': '29181351', 'name': 'spaceshuttle', 'screen_name': 'TRALLEN49', 'location': 'Pennsylvania, USA', 'description': 'I Love America Truth is a goal not an obstacle.Old enough to know better try to do better First time in life registered and voting Trump May God bless America', 'url': None, 'entities': {'description': {'urls': []}}, 'protected': False, 'followers_count': 991, 'friends_count': 927, 'listed_count': 14, 'created_at': 'Mon Apr 06 11:13:49 +0000 2009', 'favourites_count': 31555, 'utc_offset': -18000, 'time_zone': 'Eastern Time (US & Canada)', 'geo_enabled': True, 'verified': False, 'statuses_count': 15113, 'lang': 'en', 'contributors_enabled': False, 'is_translator': False, 'is_translation_enabled': False, 'profile_background_color': '0099B9', 'profile_background_image_url': 'http://pbs.twimg.com/profile_background_images/28150779/MVC-017S.JPG', 'profile_background_image_url_https': 'https://pbs.twimg.com/profile_background_images/28150779/MVC-017S.JPG', 'profile_background_tile': False, 'profile_image_url': 'http://pbs.twimg.com/profile_images/721082550136016896/09quaFsS_normal.jpg', 'profile_image_url_https': 'https://pbs.twimg.com/profile_images/721082550136016896/09quaFsS_normal.jpg', 'profile_link_color': '0099B9', 'profile_sidebar_border_color': '5ED4DC', 'profile_sidebar_fill_color': '95E8EC', 'profile_text_color': '3C3940', 'profile_use_background_image': True, 'has_extended_profile': False, 'default_profile': False, 'default_profile_image': False, 'following': None, 'follow_request_sent': None, 'notifications': None, 'translator_type': 'none'}, 'geo': None, 'coordinates': None, 'place': {'id': '42584a1dc452588e', 'url': 'https://api.twitter.com/1.1/geo/id/42584a1dc452588e.json', 'place_type': 'city', 'name': 'Mount Holly Springs', 'full_name': 'Mount Holly Springs, PA', 'country_code': 'US', 'country': 'United States', 'contained_within': [], 'bounding_box': {'type': 'Polygon', 'coordinates': [[[-77.195221, 40.095412], [-77.176387, 40.095412], [-77.176387, 40.125113], [-77.195221, 40.125113]]]}, 'attributes': {}}, 'contributors': None, 'is_quote_status': False, 'retweet_count': 0, 'favorite_count': 0, 'favorited': False, 'retweeted': False, 'lang': 'en'}",none,Mon Mar 06 20:42:15 +0000 2017
